,TOP_CHARGE,count,top_charge_level,gun_license,gun_case
1,AGG ASSAULT/USE DEADLY WEAPON,1239,,,0
2,AGG UUW/VEHICLE/LOADED/NO FCCA,880,level_4,FOID no CCL,1
3,AGG UUW/LOADED-NO FCCA-FOID,734,level_4,No FOID or CCL,1
4,UUW - WEAPON - CARRY/POSSESS F,734,level_2_or_3,,1
5,"UUW - WEAPON - FELON, POSSESS/",713,level_2_or_3,,1
6,ANNUAL GUN OFFENDER REGISTRATI,691,,,0
7,ARMED HABITUAL CRIMINAL,660,level_x,,1
8,FELON POSSESS WEAPON,516,level_2_or_3,,1
9,UUW -  WEAPON - PUBLIC STREET/,459,level_4,Unclear,1
10,POSS FIREARM REPEAT FEL OFFEN,377,level_x,,1
11,UUW - WEAPON - FELON POSSES WE,326,level_2_or_3,,1
12,AGG UUW/VEHICLE/NO FOID,257,level_4,No FOID or CCL,1
13,AGG UUW/PERSON/<21,232,level_4,No FOID or CCL,1
14,AGG UUW/PERSON/LOADED/NO FCCA,206,level_4,FOID no CCL,1
15,AGG UUW/PERS/LOAD/NO FCCA/FOID,203,level_4,No FOID or CCL,1
16,AGG UUW/VEH/FIR LOADED/NO FOID,184,level_4,No FOID or CCL,1
17,AGG UUW/PERSON/LOADED FIREARM,160,level_4,Unclear,1
18,UUW - WEAPON - MACHINE GUN/AUT,158,level_4,Unclear,1
19,GUN OFFENDER DUTY TO REGISTER,152,,,0
20,AGG UUW/LOADED/NO FCCA/FOID,144,level_4,No FOID or CCL,1
21,AGG UUW/VEHICLE/<21,141,level_4,No FOID or CCL,1
22,UUW - WEAPON - FELON POSS/USE,136,level_2_or_3,,1
23,FELON POSS/USE WEAPON/FIREARM,127,level_2_or_3,,1
24,POSS FIREARM W/DEFACED SERIAL,124,level_4,Unclear,1
25,AGG BATTERY/USE DEADLY WEAPON,118,,,0
26,UUW -  WEAPON - MACHINE GUN /A,118,level_4,Unclear,1
27,UUW -  WEAPON - AGG./VEH. OR C,116,level_4,Unclear,1
28,UUW - WEAPON - FELON/PAROLE-PO,112,level_2_or_3,,1
29,POSSESS REVOKED FIREARM FOID,111,,,0
30,AGG ASLT/USE DDLY WEAPON,103,,,0
31,UUW -  WEAPON - POSSESS/CARRY,93,level_4,Unclear,1
32,AGG UUW/PERSON/NO FOID,91,level_4,No FOID or CCL,1
33,AGG UUW/UNLOADED/NO FCCA/FOID,85,level_4,No FOID or CCL,1
34,CARRY/POSSESS FIREARM/1ST,84,level_4,Unclear,0
35,POSSESSION OF A STOLEN FIREARM,80,level_2_or_3,,1
36,AGG UNLAWFUL USE OF WEAPON/VEH,69,level_4,Unclear,1
37,GUN OFFENDER DUTY TO REPORT,69,,,0
38,FELON POSSESS WEAPON/2ND+,62,level_2_or_3,,1
39,ARMED VIOLENCE/CATEGORY I,58,,,0
40,UUW -  WEAPON - CARRY W/ INTEN,55,level_4,Unclear,1
41,AGG UUW/VEH/PREV CONVICTION,52,level_2_or_3,,1
42,UUW - UNLAWFUL POSSESS HANDGUN,48,level_4,Unclear,1
43,AGG UUW/ON PERSON,45,level_4,Unclear,1
44,POSS FIREARM W/ DEFACED SER NO,43,level_4,Unclear,1
45,UUW - WEAPON - RIFLE<16IN - SH,43,level_4,Unclear,1
46,AGG UPW/PERSON/LOADED/NO FOID,40,level_4,No FOID or CCL,1
47,FELON POSS WEAPON/PAROLE,40,level_2_or_3,,1
48,CARRY/POSSES FIREARM IN PUBLIC,35,level_4,,1
49,UUW - AGG UUW/PERSON/VEHICLE/P,32,level_4,,1
50,AGG UPW/PERS/PREV CONVICTION,31,level_2_or_3,,1
51,FELON POSS/USE FIREARM PRIOR,31,level_2_or_3,,1
52,POSSESSION OF STOLEN FIREARM,28,level_2_or_3,,1
53,AGG UUW/PERS/UNLOADED/NO FCCA,26,level_4,FOID no CCL,1
54,AGG UPW/VEH/LOADED/FCCA/FOID,25,level_4,FOID and CCL,1
55,AGG BATTERY/PEACE OFFICER,24,,,0
56,AGG UPW/VEH/LOADED/NO FOID,23,level_4,FOID no CCL,1
57,CANNABIS - MFG/DEL - 30-500 GR,21,,,0
58,RECKLESS DISCH FIREARM - ENDAN,21,,,0
59,UUW - UNLAWFUL POSSESS FIREARM,21,level_4,,0
60,AGG UPW/PERSON/LOADED/NO FCCA,20,level_4,FOID no CCL,1
61,ISSUANCE OF WARRANT,20,,,0
62,UUW -  WEAPON - PUB HS/PARK/SC,20,level_4,,1
63,INITIAL GUN OFFENDER REGISTRAT,19,,,0
64,POSS FIREARM FOID REVOKED,19,level_4,No FOID or CCL,1
65,AGG UPW/VEH/PREV CONVICTION,18,level_2_or_3,,1
66,AGG UUW/UNLOADED/NO FCCA,18,level_4,FOID no CCL,1
67,AGG UPW/PERS/LOADED/FCCA/FOID,17,level_4,FOID and CCL,1
68,AGG UPW/VEHICLE/NO FOID,17,level_4,No FOID or CCL,1
69,AGG UUW/PERS/FIR LOADED/FOID,17,level_4,FOID and CCL,1
70,AGG UNLAWFUL USE WEAPON/PERSON,16,level_4,,1
71,AGG UUW/VEH/UNLOADED/AMMO,16,level_4,,1
72,HABITUAL CRIMINAL/2 PRIOR CL X,16,level_x,,1
73,PCS - MFG/DEL1<15 GR COCAINE/A,16,,,0
74,POSS WEAPON/PRECONV FORC FEL,16,level_2_or_3,,1
75,ANNUAL GUN OFFENDER REGISTRATION,15,,,0
76,ARMED VIOLENCE/CATEGORY II WEA,15,,,0
77,AGG UNLWFL USE WEAPON/VEH/2ND,14,level_2_or_3,,1
78,RECEIVE/POSSESS/SELL  STOLEN V,14,,,0
79,UNLAWFUL USE OF A WEAPON,14,level_4,,1
80,AGG BATTERY/GREAT BODILY HARM,13,,,0
81,AGG UPW/VEHICLE,13,level_4,,1
82,AGG UPW/VEHICLE/LOADED FIREARM,13,level_4,,1
83,AGGR DISCHARGE FIREARM - OCCUP,12,,,0
84,AGG UPW/PERSON/<21,11,level_4,No FOID or CCL,1
85,AGG UPW/VEHICLE/LOADED/NO FCCA,11,level_4,FOID no CCL,1
86,DEFACE FIREARM ID MARKINGS,11,,,0
87,FELON POSS/USE FIREARM/PAROLE,11,level_2_or_3,,1
88,AGG UPW/PERSON,10,level_4,,1
89,UUW,10,level_4,,1
90,AGG BATTERY/PUBLIC PLACE,9,,,
91,AGG UUW/VEH/UNLOAD/NO FCCA/2+,9,,,
92,AGGRAVATED UNLAWFUL USE OF A WEAPON,9,,,
93,BURGLARY,9,,,
94,POSSESS FIREARM FOID EXPIRED,9,,,
95,UUW -  WEAPON - POSS/CARRY/CON,9,,,
96,AGG UUW/PERSON/UNLOADED/AMMO,8,,,
97,AGG UUW/VEHICLE/NO FOID/2+,8,,,
98,FELON POSS MACHINE GUN,8,,,
99,MFG/DEL15<100 GR CACA/ANALOG,8,,,
100,PCS - POSSESSION - POSS AMT CO,8,,,
101,AGG BATTERY/DISCHARGE FIREARM,7,,,
102,AGG UUW/PERSON/LOADED FIR/2+,7,,,
103,AGG UUW/VEHICLE/LOADED FIREARM,7,,,
104,AGGRAVATED UNLAWFUL POSSESSION OF A WEAPON,7,,,
105,FIREARM/FOID INVALID/NOT ELIG,7,,,
106,MFG/DEL CANNABIS/30-500 GRAMS,7,,,
107,POSSESS FIREARM FOID EXPIRED/N,7,,,
108,AGG UPW/VEHICLE/NO FOID/2+,6,,,
109,AGG UUW/VEHICLE/CM VIOLATION,6,,,
110,CARRY POSSESS FIREARM PUB/2ND,6,,,
111,CARRY/POSS FIREARM PUBLIC/SCH,6,,,
112,MFG/DEL15<100 GR HEROIN/ANLG,6,,,
113,MURDER - FIRST DEGREE,6,,,
114,RECK DISCH FIREARM/ENDANGERS,6,,,
115,UUW -  WEAPON - CARRY/POSSESS,6,,,
116,UUW - WEAPON - FELON POSS WEAP,6,,,
117,AGG UPW/VEH/LOADED FIREARM/2+,5,,,
118,AGG UUW/ON PERSON/2ND,5,,,
119,AGG UUW/PERS/LOADED/NO FCCA/2+,5,,,
120,GUN OFFENDER DUTY TO REGISTER AND TO VERIFY,5,,,
121,MFG/DEL 15<100 GR COCA/ANALOG,5,,,
122,RIFLE <16 IN/SHOTGUN <18 IN,5,,,
123,ROBBERY - ARMED W/ FIREARM,5,,,
124,AGG UNLWFL USE WEAPON/PERS/2+,4,,,
125,AGG UPW/PERS/LOADED FIREARM/2+,4,,,
126,AGG UPW/PERSON/NO FOID,4,,,
127,AGG UPW/VEH/AMMO/NO FCCA,4,,,
128,AGG UPW/VEHICLE/<21,4,,,
129,AGG UUW/PERSON/PREV CONVICTION,4,,,
130,AGG UUW/VEHICLE/CM THREAT VIOL,4,,,
131,AGGRAVATED UNLAWFUL USE OF WEAPON,4,,,
132,FELON POSS WEAPON/BODY ARMOR,4,,,
133,IVC - AGG FLEEING/POLICE/21 MP,4,,,
134,PCS - MFG/DEL 1<15 GR HEROIN/A,4,,,
135,PCS - POSSESSION - 15+GRMS - C,4,,,
136,POSS/TRANSP/RECD FRAME/2ND+,4,,,
137,POSSESS ARMOR PIERCE BULLET,4,,,
138,RESISTING/OBSTRUCT/PC OFF/CORR,4,,,
139,UNLAWFUL POSSESSION OF A WEAPON,4,,,
140,UNLAWFUL USE OF WEAPON,4,,,
141,UNLAWFUL USE OF WEAPON BY FELON,4,,,
142,UNLAWFUL USE OF WEAPONS,4,,,
143,UUW - MACHINE GUN/AUTO WEAPON/,4,,,
144,UUW - WEAPON - CARRY /POSSESS,4,,,
145,AGG UNLAWFUL USE OF A WEAPON,3,,,
146,AGG UNLAWFUL USE OF WEAPON,3,,,
147,AGG UPW/PERS/LOADED/NO FCCA/2+,3,,,
148,AGG UUW,3,,,
149,AGG UUW W/ BODY ARMOR/NO FOID,3,,,
150,AGG UUW W/ BODY ARMOR/PRIVATE,3,,,
151,AGG UUW/PERSON/<21/2+,3,,,
152,AGG UUW/PERSON/CM THREAT VIOL,3,,,
153,AGG UUW/VEH/CM VIOLATION/2+,3,,,
154,AGGRAVATED BATTERY/VICTIM 60+,3,,,
155,AGGRAVATED UNLAWFUL RESTRAINT,3,,,
156,ARMED VIOLENCE/CATEGORY III WE,3,,,
157,ATTEMPT MURDER - FIRST DEGREE,3,,,
158,CANNABIS - MFG/DEL - 500-2000,3,,,
159,CARRY/POSSESS CONCEALED GUN,3,,,
160,FIREARM/FOID INVALID/NO ELIG,3,,,
161,MFG 15>100 GR ECSTASY/ANALOG,3,,,
162,OTHER AMT NARCOTIC SCHED I&II,3,,,
163,POSS AMT CON SUB EXCEPT(A)/(D),3,,,
164,UNLAW POSS OF FIREARM BY STREE,3,,,
165,UNLAWFUL POSSESSION OF WEAPONS BY FELONS,3,,,
166,UNLAWFUL USE ARMOR PIERCE BULL,3,,,
167,UNLAWFUL USE OF A WEAPON BY FELON,3,,,
168,UUW -  WEAPON - BAR/PUBLIC GAT,3,,,
169,UUW-WEAPON-PUBLIC STREET/ALLEY/LANDS,3,,,
170,VIOLATION OF PAROLE,3,,,
171,AGG ASSAULT PEACE OFF/FIRE/ER,2,,,
172,AGG DISCHARGE FIREARM - VEH/SC,2,,,
173,AGG UPW/PERSON/2+,2,,,
174,AGG UPW/PERSON/NO FOID/2+,2,,,
175,AGG UPW/VEH/AMMO,2,,,
176,AGG UPW/VEH/LOADED/NO FCCA/2+,2,,,
177,AGG UPW/VEHICLE/<21/2+,2,,,
178,AGG UUW - NO CCL,2,,,
179,AGG UUW/NO FOID / VEHICLE,2,,,
180,AGG UUW/PERSON/DELINQ MINOR,2,,,
181,AGG UUW/PERSON/NO FOID/2+,2,,,
182,AGG UUW/VEH/LOADED/NO FCCA 2+,2,,,
183,AGGRAVATED UNLAWFUL POSSESSION OF A WEAPON/VEH/NO FOID,2,,,
184,AGGRAVATED UNLAWFUL POSSESSION OF WEAPON,2,,,
185,AGGRAVATED UNLAWFUL USE OF A WEAPON BY FELON,2,,,
186,AGGRAVATED UNLAWFUL USE OF A WEAPON/ LOADED FIREARM,2,,,
187,AGGRAVATED UUW,2,,,
188,ARMED ROBBERY/ARMED W/FIREARM,2,,,
189,ARMED VIOLENCE/CATEGORY III,2,,,
190,BURGLARY - RESIDENTIAL,2,,,
191,BURGLARY W/O CAUSING DAMAGE,2,,,
192,CANNABIS - POSS CANNABIS/500<2,2,,,
193,CARRY/POSS FIREARM/SCHOOL/PARK,2,,,
194,DOMESTIC BATTERY - AGGRAVATED,2,,,
195,DOMESTIC BATTERY/BODILY HARM,2,,,
196,FELON POSS WEAPON,2,,,
197,FIREARM W/O VALID FOID/ELIG,2,,,
198,GUN OFFENDER REGISTRATION PERI,2,,,
199,IVC - AGG FLEEING/2+ CON DEVIC,2,,,
200,METH - POSSESSION OF METHAMPHE,2,,,
201,MFG/DEL 1<15 GR COCAINE/ANLG,2,,,
202,MFG/DEL HEROIN/SCH/PUB HS/PK,2,,,
203,OBSTRUCT JUST/DESTROY EVIDENCE,2,,,
204,PCS - MFG/DEL 50-200 GR SCHED,2,,,
205,PCS - POSSESS 15<100 GRAMS COC,2,,,
206,PCS - POSSESSION - 15>100 GR E,2,,,
207,POSS CAN/>100-500 GRAM/1ST,2,,,
208,POSS CONCEALED CARRY FIREARM WHILE INTOXICATED,2,,,
209,POSS FIREARM/VEHICLE/GANG MBR,2,,,
210,POSSESS 15<100 GRAMS COCAINE,2,,,
211,RECEIVE/POSS/SELL STOLEN VEH,2,,,
212,RIFLE<16IN/SHOTGUN<18IN/SCH/PK,2,,,
213,THEFT/CONTROL/PERSON<$500,2,,,
214,UNLAWFUL POSS OF A WEAPON,2,,,
215,UNLAWFUL POSS WEAPON BY FELON,2,,,
216,UNLAWFUL POSSESSION OF A FIREARM,2,,,
217,UNLAWFUL POSSESSION OF A WEAPON BY FELON,2,,,
218,UNLWFL POSS FIREARM/DEL/<21,2,,,
219,UNLWFL POSS FIREARM/EXPL BULL,2,,,
220,UNLWFL POSS HANDGUN UNDER 18,2,,,
221,UUW -  WEAPON - BOMB/GRENADE/M,2,,,
222,UUW -  WEAPON - PUBLIC STREET/ALLEY/LAND,2,,,
223,UUW -  WEAPON - TEAR GAS/LIQUI,2,,,
224,UUW - WEAPON - RIFLE<16IN SHOT,2,,,
225,100<400 GRAMS LSD/ANALOG,1,,,
226,AGG  UNLAWFUL USE OF A WEAPON/LOADED,1,,,
227,AGG  UNLAWFUL USE OF WEAPON,1,,,
228,AGG  UUW NO FOID,1,,,
229,AGG - UNLAWFUL POSSESS WEAPON,1,,,
230,"AGG ASLT/USE DDLY WEAPON,KNIFE, AIR RIFLE",1,,,
231,AGG ASSAULT VOLUNTEER W/ WEAPO,1,,,
232,AGG ASSAULT/ USE OF DEADLY WEAPON,1,,,
233,AGG ASSAULT/DISCHARGE FIREARM,1,,,
234,AGG ASSAULT/SHINE FLASH/LASER,1,,,
235,AGG ASSAULT/USE DEADLY WEAPON - L1463377,1,,,
236,AGG ASSAULT/USE DEADLY WEAPON - L1523503,1,,,
237,AGG ASSAULT/USE DEADLY WEAPON - L1526327,1,,,
238,AGG ASSAULT/USE DEADLY WEAPON - L1535761,1,,,
239,AGG ASSAULT/USE DEADLY WEAPON x2,1,,,
240,AGG ASSAULT/USE FIR/PEACE OFF,1,,,
241,AGG BATT/HARM/POLICE/DOC/DHS,1,,,
242,AGG BATTERY/WEAPON/NO FIREARM,1,,,
243,AGG BTRY/GREAT BOD HARM/PC OFF,1,,,
244,AGG BTRY/PREGNANT/HANDICAPPED,1,,,
245,AGG DISCHARGE FIREARM/OCC BLDG,1,,,
246,AGG DISCHARGE FIREARM/OCC VEH,1,,,
247,AGG DOMESTIC BATTER/STRANGLE,1,,,
248,AGG DUI/3,1,,,
249,AGG FLEEING POLICE/2ND,1,,,
250,AGG FLEEING/2+ CON DEVICES,1,,,
251,AGG POSSESSION OF A WEAPON,1,,,
252,AGG POSSESSION STOLEN MOTOR VE,1,,,
253,AGG UNLAW POSS OF WEAPON VEH-NO FOID,1,,,
254,AGG UNLAW USE OF WEAPON,1,,,
255,AGG UNLAWFUL POSS OF A WEAPON - UNDER 21 YRS OLD,1,,,
256,AGG UNLAWFUL POSS WEAPON,1,,,
257,AGG UNLAWFUL POSSESS OF WEAPON,1,,,
258,AGG UNLAWFUL POSSESSION OF A WEAPON,1,,,
259,AGG UNLAWFUL POSSESSION OF A WEAPON/PERSON/<21,1,,,
260,AGG UNLAWFUL USE OF A WEAPON UNDER 21,1,,,
261,AGG UNLAWFUL USE OF A WEAPON/LOADED,1,,,
262,AGG UNLAWFUL USE OF WEAPON / VEH,1,,,
263,AGG UNLAWFUL USE OF WEAPON LOADED FIREARM,1,,,
264,AGG UNLAWFUL USE OF WEAPON/ VEH,1,,,
265,AGG UNLAWFUL USE WEAPON,1,,,
266,AGG UNLEFL USE WEAPON/VEH/2ND,1,,,
267,AGG UNLWFL USE WEAPON/PERS,1,,,
268,AGG UPW-REVOKED CCL,1,,,
269,AGG UPW/NO FOID/CCL,1,,,
270,AGG UPW/VEH/BODY ARMOR/NO FOID,1,,,
271,AGG UPW/VEH/LOADED/NO FCCA,1,,,
272,AGG USE OF WEAPON - COURTHOUSE,1,,,
273,AGG UUW - BY FELON,1,,,
274,AGG UUW - WEAPON - FELON POSS/USE,1,,,
275,AGG UUW NO FOID/NO CCL,1,,,
276,AGG UUW POSSESSFIREARM W/O VALID FOID/ELIG,1,,,
277,AGG UUW W/OUT FOID CARD,1,,,
278,AGG UUW/LOADED NO FCCA FOID,1,,,
279,AGG UUW/LOADED-UNDER 21 YEARS OF AGE,1,,,
280,AGG UUW/LOADED/NO FCCA/FOID/2+,1,,,
281,AGG UUW/LOADED/NO FCCA/FOID/CCL,1,,,
282,AGG UUW/PERS/CM VIOLATION/2+,1,,,
283,AGG UUW/PERS/LOAD/NO FCCA,1,,,
284,AGG UUW/PERSON/CM VIOLATION,1,,,
285,AGG UUW/PERSON/LOADED FIREARM BY A FELON,1,,,
286,AGG UUW/PERSON/LOADED FIREARM/NO CCL/FCCA,1,,,
287,AGG UUW/PERSON/NO FOID AND NO CCL,1,,,
288,AGG UUW/PERSON/ORDER PROTECT,1,,,
289,AGG UUW/PERSON/USE OF A WEAPON- ON PERSON,1,,,
290,AGG UUW/PERSON/VEHICLE/PREV CONVICTION,1,,,
291,AGG UUW/PERSON<21,1,,,
292,AGG UUW/POSS OF A WEAPON,1,,,
293,AGG UUW/UNLOADED/NO FOID,1,,,
294,AGG UUW/VEH/2ND,1,,,
295,AGG UUW/VEH/DELINQUENT MINOR,1,,,
296,AGG UUW/VEH/LOADED/NO FCCA,1,,,
297,AGG UUW/VEHICLE/<21/2+,1,,,
298,AGG UUW/VEHICLE/LOADED/NO FCCA - TZ061685,1,,,
299,AGG UUW/VEHICLE/ORDER PROTECT,1,,,
300,AGG UUW/VEHICLE/ORDER PROTECTI,1,,,
301,AGG UVW,1,,,
302,AGG. UNLAWFUL USE OF WEAPON,1,,,
303,AGG.UUW,1,,,
304,AGG.UUW - WEAPON - RIFLE<16IN - SH,1,,,
305,AGG/ UUW,1,,,
306,AGG/ASSAULT/USE OF DEADLY WEAPON,1,,,
307,AGG/UNLAWFUL USE OF WEAPON/ VEH,1,,,
308,AGG/UPW/PERS/LOADED/FCCA/FOID,1,,,
309,AGG/UPW/PERSON/LOADED/NO FCCA,1,,,
310,AGGERVATED UNLAWFUL USE OF WEAPON,1,,,
311,AGGGRAVATED UNLAWFUL POSSESSION OF A WEAPON,1,,,
312,AGGRAVATED ASSAULT,1,,,
313,AGGRAVATED ASSAULT - PEACE OFFICER,1,,,
314,AGGRAVATED BATTERY/ USE DEADLY WEAPON,1,,,
315,AGGRAVATED BATTERY/MERCHANT,1,,,
316,AGGRAVATED CRUELTY TO ANIMALS,1,,,
317,AGGRAVATED DISCHARGE/FIREARM,1,,,
318,AGGRAVATED DOMESTIC BATTERY,1,,,
319,AGGRAVATED ONLAWFUL USE OF WEAPON,1,,,
320,AGGRAVATED UNLAWFUL  USE OF WEAPON,1,,,
321,AGGRAVATED UNLAWFUL POSS OF A WEAPON/ NO CONCEAL CARRY LICENSE,1,,,
322,AGGRAVATED UNLAWFUL POSSESION OF WEAPONS,1,,,
323,AGGRAVATED UNLAWFUL POSSESSION OF A FIREARM 2+,1,,,
324,AGGRAVATED UNLAWFUL POSSESSION OF A WEAPON PERSON <21,1,,,
325,AGGRAVATED UNLAWFUL POSSESSION OF A WEAPON UNDER 21,1,,,
326,AGGRAVATED UNLAWFUL USE OF A FIREARM,1,,,
327,AGGRAVATED UNLAWFUL USE OF A WEAPON -FELON,1,,,
328,AGGRAVATED UNLAWFUL USE OF A WEAPON- POSSESS MACHINE,1,,,
329,AGGRAVATED UNLAWFUL USE OF A WEAPON-NO CONCEAL CARRY LICENSE,1,,,
330,AGGRAVATED UNLAWFUL USE OF A WEAPON/ UNDER 21,1,,,
331,AGGRAVATED UNLAWFUL USE OF A WEAPON/LOADES FIREARM,1,,,
332,AGGRAVATED UNLAWFUL USE OF A WEAPON/VEH/LOADED/NOFCCA,1,,,
333,AGGRAVATED UNLAWFUL USE OF A WEAPON; NO FOID,1,,,
334,AGGRAVATED UNLAWFUL USE OF WEAPON / VEHICLE,1,,,
335,AGGRAVATED UNLAWFUL USE OF WEAPON-NO CONCEALED,1,,,
336,AGGRAVATED UNLAWFUL USE OF WEAPON/ LOADED FIREARM,1,,,
337,AGGRAVATED UNLAWFUL USE OF WEAPON/ NO FIREARM OWNERSHIP,1,,,
338,AGGRAVATED UNLAWFUL USE OF WEAPON/LOADED FIREARM,1,,,
339,AGGRAVATED UNLAWFULL USE OF A WEAPON,1,,,
340,AGGRAVATED UNLAWFULUSE OF WEAPON,1,,,
341,AGGRAVATED UNLWFL POSSESSION OF A WEAPON,1,,,
342,AGGRAVATED UUW-BY FELON,1,,,
343,AGGRAVATED UUW-FELON,1,,,
344,AGGUNLAWFUL USE OF A WEAPON/PERSON,1,,,
345,AID/ABET BUY VEH ID REMOVED,1,,,
346,ANNUAL GUN  OFFENDER REGISTRATION,1,,,
347,ANNUAL GUN -FAILED TO REGISTER,1,,,
348,ANNUAL GUN OFFENDER REG,1,,,
349,ANNUAL GUN OFFENDER REGISTRATI - L1462481,1,,,
350,ANNUAL GUN OFFENDER REGISTRATI - L1462483,1,,,
351,ANNUAL GUN OFFENDER REGISTRATI - L1462485,1,,,
352,ANNUAL GUN OFFENDER REGISTRATI - L1462486,1,,,
353,ANNUAL GUN OFFENDER REGISTRATI - L1462687,1,,,
354,ANNUAL GUN OFFENDER REGISTRATI - L1467401,1,,,
355,ANNUAL GUN OFFENDER REGISTRATI - L1467441,1,,,
356,ANNUAL GUN OFFENDER REGISTRATI - L1467463,1,,,
357,ANNUAL GUN OFFENDER REGISTRATI - L1467622,1,,,
358,ANNUAL GUN OFFENDER REGISTRATI - L1467624,1,,,
359,ANNUAL GUN OFFENDER REGISTRATI - L1469676,1,,,
360,ANNUAL GUN OFFENDER REGISTRATI - L1513834,1,,,
361,ANNUAL GUN OFFENDER REGISTRATI - L1524161,1,,,
362,ANNUAL GUN OFFENDER REGISTRATI - L1524162,1,,,
363,ANNUAL GUN OFFENDER REGISTRATI - L1524166,1,,,
364,ANNUAL GUN OFFENDER REGISTRATI - L1524176,1,,,
365,ANNUAL GUN OFFENDER REGISTRATI - L1524261,1,,,
366,ANNUAL GUN OFFENDER REGISTRATI - L1524953,1,,,
367,ANNUAL GUN OFFENDER REGISTRATI - L1524955,1,,,
368,ANNUAL GUN OFFENDER REGISTRATI - L1534973,1,,,
369,ANNUAL GUN OFFENDER REGISTRATI - L1536368,1,,,
370,ANNUAL GUN OFFENDER REGISTRATI - L1536370,1,,,
371,ANNUAL GUN OFFENDER REGISTRATI - L1553201,1,,,
372,ANNUAL GUN OFFENDER REGISTRATI - L1566769,1,,,
373,ANNUAL GUN OFFENDER REGISTRATI - L1566770,1,,,
374,ANNUAL GUN OFFENDER REGISTRATI - L1566772,1,,,
375,ANNUAL GUN OFFENDER REGISTRATI - L1566922,1,,,
376,ANNUAL GUN OFFENDER REGISTRATI - L1566923,1,,,
377,ANNUAL GUN OFFENDER REGISTRATI-TZ126001,1,,,
378,ANNUAL GUN OFFENDER REGISTRATION - L1524174,1,,,
379,ANNUAL GUN OFFENDER REGISTRATION - L1536343,1,,,
380,ANNUAL GUN OFFENDER REGISTRATION |  NON COMPLIANT,1,,,
381,ARMED HABITUAL CRIM,1,,,
382,ARMED ROBBERY,1,,,
383,ARMED VIOLENCE,1,,,
384,ARMED VIOLENCE/CATEGORY I/II,1,,,
385,ATTEMPT DISARM PC OFF/CORR EMP,1,,,
386,ATTEMPT MURDER/INTENT TO KILL/INJURE,1,,,
387,ATTEMPT RECEIVE/POSS/SELL STOLEN VEH,1,,,
388,ATTEMPT ROBBERY - ARMED W/ FIREARM,1,,,
389,ATTEMPTED MURDER - FIRST DEGREE,1,,,
390,AUTO WEAPON/SAWED OFF SHOT GUN,1,,,
391,Aggravated Unlawful Use Weapon,1,,,
392,Attempt Residential Burglary,1,,,
393,BURGLARY - POSSESSION OF BURGL,1,,,
394,CANNABIS - MFG/DEL - 10-30 GRM,1,,,
395,CANNABIS - MFG/DEL - SCHOOL -,1,,,
396,CANNABIS MFG/DEL 30-500 GRMS,1,,,
397,CARRY POSSESS FIREARM PUBLCI PARK,1,,,
398,CARRY/POSS CONCEAL GUN SCHOOL,1,,,
399,CARRY/POSSESS ASSAULT WEAPON,1,,,
400,CARRY/POSSESS FIREARM,1,,,
401,CARRY/POSSESS FIREARM 1ST,1,,,
402,CARRY/POSSESS FIREARM/2ND&SUBQ,1,,,
403,CAUSE CHILD ENDANGERED/DEATH,1,,,
404,CHEMICAL BREAKDOWN CON SUB,1,,,
405,CONCEAL CARRY FIREARMS ACT-UNDER INFLUENCE OF ALCOHOL,1,,,
406,CRIM DMG/GOVT PROP>$10K-$100K,1,,,
407,DISORDERLY CONDUCT - FALSE FIR,1,,,
408,DOMESTIC BATTERY - OTHER PRIOR,1,,,
409,DOMESTIC BTRY/PHYSICAL CONTACT,1,,,
410,ESCAPE - FELON FROM PEACE OFFI,1,,,
411,FAIL TO REGISTER AS A GUN OFFENDER - L1566763,1,,,
412,FELON POSS USE FIREARM PRIOR,1,,,
413,FELON POSS WEAPON IN PRISON,1,,,
414,FELON POSS/USE FIREARM PRIOR/ AGGRAVATED UUW,1,,,
415,FELON POSS/USE MACHINE GUN,1,,,
416,FELON POSS/USE WEAPON / FIREARM,1,,,
417,FELON POSSES WEAPON,1,,,
418,FELON POSSESS WEAPON-TZ-363-541,1,,,
419,FELON POSSESS/USE WEAPON/FIREARM,1,,,
420,FELONY POSSESS WEAPON,1,,,
421,FIREARM W/O VALID FOID/ELIG 2+,1,,,
422,FIREARM W/O VALID FOID/ELIG/2+,1,,,
423,FLEEING/ATTEMPT ELUDE OFFICER,1,,,
424,FUGITIVE FROM JUSTICE - OUT OF,1,,,
425,FUGITIVE OUT THE STATE OF TEXAS,1,,,
426,GUN OFFENDER - FAILURE TO REGISTER ANNUALLY,1,,,
427,GUN OFFENDER DUTY TO REGISTER - L1403253,1,,,
428,GUN OFFENDER DUTY TO REGISTER - L1403257,1,,,
429,GUN OFFENDER DUTY TO REGISTER - L1464459,1,,,
430,GUN OFFENDER DUTY TO REGISTER - L1464481,1,,,
431,GUN OFFENDER DUTY TO REGISTER - L1464482,1,,,
432,GUN OFFENDER DUTY TO REGISTER - L1524163,1,,,
433,GUN OFFENDER DUTY TO REGISTER - L1524164,1,,,
434,GUN OFFENDER DUTY TO REGISTER - L1524168,1,,,
435,GUN OFFENDER DUTY TO REGISTER - L1524169,1,,,
436,GUN OFFENDER DUTY TO REGISTER - L1524173,1,,,
437,GUN OFFENDER DUTY TO REGISTER - L1524201,1,,,
438,GUN OFFENDER DUTY TO REGISTER - L1524944,1,,,
439,GUN OFFENDER DUTY TO REGISTER - L1536342,1,,,
440,GUN OFFENDER DUTY TO REGISTER - L1536362,1,,,
441,GUN OFFENDER DUTY TO REGISTER - L1536363,1,,,
442,GUN OFFENDER DUTY TO REGISTER - L1536364,1,,,
443,GUN OFFENDER DUTY TO REGISTER - L1536365,1,,,
444,GUN OFFENDER DUTY TO REGISTER - L1536366,1,,,
445,GUN OFFENDER DUTY TO REGISTER - L1536369,1,,,
446,GUN OFFENDER DUTY TO REGISTER - L1566761,1,,,
447,GUN OFFENDER DUTY TO REGISTER - L1566762,1,,,
448,GUN OFFENDER DUTY TO REGISTER - L1566765,1,,,
449,GUN OFFENDER DUTY TO REGISTER - L1566766,1,,,
450,GUN OFFENDER DUTY TO REGISTER - L1566768,1,,,
451,GUN OFFENDER DUTY TO REGISTER - L1566921,1,,,
452,GUN OFFENDER DUTY TO REGISTER - L1566925,1,,,
453,GUN OFFENDER DUTY TO REGISTER/1-403-256,1,,,
454,GUN OFFENDER DUTY TO REPORT - L1467563,1,,,
455,GUN OFFENDER DUTY TO REPORT - L1467564,1,,,
456,GUN OFFENDER REGISTRATION,1,,,
457,GUN OFFENDER: ANNUAL REGISTRATION,1,,,
458,HABITUAL CRIMINAL/2 PRIOR CL X-TZ438391,1,,,
459,ILLEGAL POSS WEAPON BY FELON,1,,,
460,INITIAL GUN OFFENDER REGISTRAT - L1455631,1,,,
461,INITIAL GUN OFFENDER REGISTRAT - L1524602,1,,,
462,INITIAL GUN OFFENDER REGISTRAT - L1553242,1,,,
463,INITIAL GUN OFFENDER REGISTRAT - L1566339,1,,,
464,IVC - LEAVE SCENE OF ACCIDENT,1,,,
465,KIDNAPPING - SECRETLY CONFINE,1,,,
466,KNOW DAMAGE PROP >$300-10K,1,,,
467,LEAVING THE SCENE   SH089106,1,,,
468,MACHINE GUN/AUTO WEAPON/SCH/PK,1,,,
469,MANSLAUGHTER - INVOLUNTARY - F,1,,,
470,MANU/DEL CANNABIS/500<2000 GR,1,,,
471,METH - METHAMPHETAMINE DELIVER,1,,,
472,METH - POSSESSION OF METH/15<1,1,,,
473,MFG 10>15 PILLS ECSTASY/ANALOG,1,,,
474,MFG 50-100 GR DIHYDROCODEINE,1,,,
475,MFG 50-100 GR OXYCODONE,1,,,
476,MFG 5>15 GRAMS ECSTASY/ANALOG,1,,,
477,MFG/DEL 100<400 GR HERO/ANLG,1,,,
478,MFG/DEL 100<400 GRAMS COCAINE/,1,,,
479,MFG/DEL 15<100 GR FENTANYL,1,,,
480,MFG/DEL 1<15 GR FENTANYL/ANLG,1,,,
481,MFG/DEL 1<15 GR HEROIN/ANALOG,1,,,
482,MFG/DEL 400<900 GRAMS COCAINE/,1,,,
483,MFG/DEL 50-200 GR BARB/ANALOG,1,,,
484,MFG/DEL BARB ACID/SC/PUB HS/PK,1,,,
485,MFG/DEL CANNABIS/500<2000 GR,1,,,
486,"MFG/DEL CANNABIS/>5,000 GRAMS",1,,,
487,MURDER/INTENT TO KILL/INJURE,1,,,
488,OBSTRUCTING IDENTIFICATION,1,,,
489,PCS - MFG - POSSESS ANY SUBSTA,1,,,
490,PCS - MFG/DEL - LOOK ALIKE SUB,1,,,
491,PCS - POSSESSION - 15>200 PILL,1,,,
492,POSS CAN/>100-500 GRAMS/1ST,1,,,
493,POSS FIR FOID EXPIRED/NOT ELIG,1,,,
494,POSS FIREARM,1,,,
495,POSS FIREARM FOID EXPIRED,1,,,
496,POSS FIREARM REPEAR FEL OFFEN,1,,,
497,POSS FIREARM REPEAT FEL OFFEN ARM HABITUAL),1,,,
498,POSS FIREARM REPEAT FELONY OFFENDER,1,,,
499,POSS FIREARM/EXPL PENAL INST,1,,,
500,POSS FIREARM/LAND/GANG MBR,1,,,
501,POSS FIREARM/NO FOID/ELIGIBLE,1,,,
502,POSS OF FIREARM AMMUNITION WITHOUT FOID CARD,1,,,
503,POSS OF FIREARM W/O REQUISITE FIREARM,1,,,
504,POSS STOLEN TITLE/CERTIF/PLATE,1,,,
505,POSS TITLE/REGISTRATION NOT AU,1,,,
506,POSS/TRANSP/RECD FRAME,1,,,
507,POSSESION OF A FIREARM BY REPEAT FELONY OFFENDER,1,,,
508,POSSESION OF A STOLEN FIREARM,1,,,
509,POSSESS 15+ GRAMS COCAINE,1,,,
510,POSSESS FIREARM,1,,,
511,POSSESS FIREARM PROJECTILE,1,,,
512,"POSSESS OF A LASER SIGHT ACC, FIREARM SILENCER, MUFFLER",1,,,
513,"POSSESS OF A LASER SIGHT, ACC, FIREARM SILENCER MUFFLER",1,,,
514,"POSSESS STOLEN VEHICLE > $25,0",1,,,
515,POSSESS/TRANSPORT FIREARM WITH NO SERIALNUMBER,1,,,
516,POSSESSES ASSAULT WEAPON,1,,,
517,POSSESSION  OF A STOLEN FIREARM,1,,,
518,POSSESSION OF A CONCEALED CARRY FIREARM WHILE INTOXICATED,1,,,
519,POSSESSION OF A FIREARM WHILE FOID REVOKED,1,,,
520,POSSESSION OF A WEAPON BY FELON,1,,,
521,POSSESSION OF ASSAULT WEAPONS - L1467121,1,,,
522,POSSESSION OF CONTROLLED SUBSTANCE,1,,,
523,POSSESSION OF FIREARM REVOKE FOID,1,,,
524,POSSESSION OF FIREARM WITH REVOKED FIREARM OWNERS IDENTIFIFCATION CARD,1,,,
525,POSSESSION OF METH/100<400 GR,1,,,
526,POSSESSION OF REPLICA FIREARM/PAINT PELLET GUN,1,,,
527,POSSESSION OF REPLICA FIREARM/PELLET/PAINT PELLET GUN,1,,,
528,POSSESSION OF UNSERIALIZED FIREARM,1,,,
529,POSSESSION OF UNSERIALIZED WEAPON (GHOST GUN),1,,,
530,POSSESSISON OF FIREARM WITHOUT REQUISITE  FIREARM OWNER'S ID,1,,,
531,PRED CRIM SEX ASLT/VICTIM <13,1,,,
532,RECKLESS DISCHARGE FIREARM - P,1,,,
533,RECKLESS DISCHARGE OF A FIREARM,1,,,
534,RECKLESS DISCHARGE OF FIREARM,1,,,
535,RESIST PEACE OFFICER,1,,,
536,ROBBERY,1,,,
537,ROBBERY - AGG ROBBERY/INDICATE,1,,,
538,ROBBERY - ARMED - DISCHARGE FI,1,,,
539,SOLICITATION AT ACCIDENT OR DISABLEMENT SCENE,1,,,
540,THEFT STOLEN INTENT $300<10K,1,,,
541,THEFT/STOLEN/>$10K <$100K,1,,,
542,TRANSPORTED A CONCEALED FIREARM WHILE UNDER THE INFLUENCE OF ALCOHOL,1,,,
543,UNAUTHD POSS/STORAGE/WEAPONS,1,,,
544,UNAUTHORIZED USE OF A WEAPON,1,,,
545,UNLAWFUL CLOUDING OF TITLE/2+,1,,,
546,UNLAWFUL MANUFACTURE OR DELIVERY OF CANNABIS <500,1,,,
547,UNLAWFUL OSSESSION OF A FIREARM FELONY OFFENDER,1,,,
548,UNLAWFUL POSS OF A WEAPON BY FELON,1,,,
549,UNLAWFUL POSS OF WEAPON BY FELONS,1,,,
550,UNLAWFUL POSS OF WEAPON- NO FOID OR CCL,1,,,
551,UNLAWFUL POSS OFCANNABIS/2.5-10,1,,,
552,UNLAWFUL POSS WEAPON,1,,,
553,UNLAWFUL POSSESION OF A FIREARM BY A REPEAT OFFENDER,1,,,
554,UNLAWFUL POSSESS FIREARM BY REPEAT FELONY OFFENDER,1,,,
555,UNLAWFUL POSSESSION OF A FIREARM BY A REPEAT FELON,1,,,
556,UNLAWFUL POSSESSION OF A FIREARM BY A REPEAT FELONY OFFENDER,1,,,
557,UNLAWFUL POSSESSION OF A WEAPON BY A FELON,1,,,
558,UNLAWFUL POSSESSION OF A WEAPON BY FELON ( MACHINE GUN),1,,,
559,UNLAWFUL POSSESSION OF FIREARM AMMUNITION,1,,,
560,UNLAWFUL POSSESSION OF FIREARM BY FELON,1,,,
561,UNLAWFUL POSSESSION OF FIREARM BY OFFICER,1,,,
562,UNLAWFUL POSSESSION OF FIREARM-VEHICLE LOADED NP FOID,1,,,
563,UNLAWFUL POSSESSION OF FIREARMS,1,,,
564,UNLAWFUL POSSESSION OF WEAPON BY FELON,1,,,
565,UNLAWFUL POSSESSION OF WEAPON BY FELON (MACHINE GUN),1,,,
566,UNLAWFUL POSSESSION OF WEAPONS BY FELON,1,,,
567,UNLAWFUL POSSESSION OF WEAPONS BY FELONS OR PERSONS,1,,,
568,UNLAWFUL USE BLACK-JACK/KNIFE,1,,,
569,UNLAWFUL USE OF A WEAPON BY A FELON,1,,,
570,UNLAWFUL USE OF A WEAPON FELON,1,,,
571,UNLAWFUL USE OF A WEAPON-MACHINE GUN / AUTOMATIC WEAPON,1,,,
572,UNLAWFUL USE OF A WEAPON-PUBLIC STREET,1,,,
573,UNLAWFUL USE OF WEAPONS / FIREARM / 1ST,1,,,
574,UNLAWFUL USE OF WEAPONS /RIFLE <16 IN/SHOTGUN <18 IN,1,,,
575,UNLAWFUL USE WEAPON,1,,,
576,UNLAWFUL USEWEAPON,1,,,
577,UNLWFL POSS 3+ CR/DEBIT CARDS,1,,,
578,UNLWFL POSS CANNABIS/DRIVER/ TZ047757,1,,,
579,UNLWFL POSS CANNABIS/DRIVER/ TZ151487,1,,,
580,UNLWFL POSS FIREARM PROJECTILE,1,,,
581,UNLWFL POSS FIREARM/<18,1,,,
582,UNLWFL POSS FIREARM/FELON,1,,,
583,UNLWFL POSS>3VEH/PARTS/STOLEN,1,,,
584,UNLWFL USE ARMOR PIERCE BULLET,1,,,
585,UNLWFUL USE OF WEAPONS / VEHICLE,1,,,
586,UPW - FELON POSSES WEAPON,1,,,
587,UPW / POSSESS FIREARM WITHOUT VALID FOID CARD/ ELIGIBILITY,1,,,
588,UPW FELON- AMMO.,1,,,
589,UPW-FELON,1,,,
590,UU-WEAPON-CARRY/POSSESS FIREARM/1ST,1,,,
591,UUW -  WEAPON - AGG./VEH. OR C - TX091927,1,,,
592,UUW -  WEAPON - FELON/POSSESS,1,,,
593,UUW -  WEAPON - PUBLIC STREET,1,,,
594,UUW -  WEAPON - PUBLIC STREET- TZ123190,1,,,
595,UUW -  WEAPON - PUBLIC STREET/ALLEY/LANDS,1,,,
596,UUW -  WEAPON / SILENCER - SCH,1,,,
597,UUW - BY  FELON,1,,,
598,UUW - BY FELON,1,,,
599,UUW - UNLAWFUL POSSESSION OF A HANDGUN,1,,,
600,UUW - WEAPON - BOMB/BOMBSHELL/,1,,,
601,UUW - WEAPON - CARRY/POSSESS FIRST OFFENSE,1,,,
602,UUW - WEAPON - FELON POSSES WE /TV581882,1,,,
603,"UUW - WEAPON - FELON, POSSESS/ TX237220",1,,,
604,UUW - WEAPON -FELON POSS/USE FIREARM PRIOR,1,,,
605,UUW -PUBLIC STREET/ALLEY/LANDS,1,,,
606,UUW BY FELON,1,,,
607,UUW FELON,1,,,
608,UUW FIRARM-UNLAWFUL POSSES FIREARM,1,,,
609,"UUW WEAPON FELON, POSSESS/USE FIREARM",1,,,
610,UUW WEAPON MACHINE GUN,1,,,
611,UUW WEAPON PUBLICE STREET/ALLEY/LANDS,1,,,
612,UUW WEAPON RIFLE<16IN-SHOTGUN<18IN,1,,,
613,UUW- UNLAWFUL POSSES HANDGUN,1,,,
614,UUW- WEAPON PUBLIC STREET,1,,,
615,UUW- WEAPON- CARRY/POSSESS FIREARM/ 1ST,1,,,
616,UUW-FAILURE TO REGISTER FIREARM,1,,,
617,UUW-MICHINE GUN,1,,,
618,UUW-NO FOID/NO CCL,1,,,
619,UUW-POSSESS FIREARM WITHOUT VALID FOID CARE,1,,,
620,UUW-WEAPON -CARRY-POSSESS FIREARM 1ST,1,,,
621,UUW-WEAPON -PUBLIC STREET/ALLEY/LAND,1,,,
622,UUW-WEAPON MACHINE GUN/ AUTOMATIC WEAPON,1,,,
623,UUW-WEAPON PUBLIC STREET,1,,,
624,UUW-WEAPON-CARRY/POSSES FIREARM/ 1ST,1,,,
625,UUW-WEAPON-FELON POSS WEAPON BODY ARMOR,1,,,
626,"UUW-WEAPON-FELON, POSSESS/ USE FIREARM",1,,,
627,"UUW-WEAPON-FELON,POSSESS/USE FIREMAN",1,,,
628,UUW-WEAPON-MACHINE GUN/AUTOMATIC WEAPON,1,,,
629,UUW-WEAPON-PUBLIC STREET/ALLEY /LANDS,1,,,
630,UUW-WEAPON-RILFE<16 IN-SHOTGUN<18 IN,1,,,
631,UUW-WEAPON/MACHINE GUN/AUTO WEAPON/VEH,1,,,
632,UUW/LOADED/NO FCCA/FOID,1,,,
633,UUW/VEHICLE/LOADED,1,,,
634,Uuw-WEAPON PUBLIC STREET/ALLEY/LANDS,1,,,
635,VEHICULAR HIJACKING,1,,,
636,VIOL SEX OFFENDER REGISTRATION,1,,,